{
    "name": "VGG 16 - FROM SLIM",
    "layers": {
        "data": {
            "parents": [],
            "type": "Input",
            "tensor": [128, 224, 224, 3]
        },
        "conv1-1": {
            "parents": ["data"],
            "type": "Convolution",
            "filter": [3, 3, 3, 64],
            "padding": "SAME",
            "strides": [1, 1, 1, 1],
            "activation_fn": "relu"
        },
        "fc6": {
            "parents": ["pool5"],
            "type": "Convolution",
            "filter": [7, 7, 64, 128],
            "padding": "VALID",
            "strides": [1, 1, 1, 1],
            "activation_fn": "relu"
        }
    }
}
