{
    "constraints": [{"constraint": "mem", "max": 1073741824}],
    "name": "nets/vgg16.json_4",
    "cube_contract": "False",
    "layers": {
        "data": {
            "tensor": {
                "_type": "randint",
                "_value": [
                    [
                        1,
                        224,
                        224,
                        3
                    ],
                    [
                        256,
                        224,
                        224,
                        3
                    ]
                ]
            }
        },
        "conv1-1": {
            "filter": {
                "_type": "choice",
                "_value": [
                    [
                        1,
                        1,
                        3,
                        64
                    ],
                    [
                        3,
                        3,
                        3,
                        64
                    ],
                    [
                        5,
                        5,
                        3,
                        64
                    ]
                ]
            }
        },
        "fc6": {
            "filter": {
                "_type": "choice",
                "_value": [
                    [
                        7,
                        7,
                        512,
                        1024
                    ],
                    [
                        7,
                        7,
                        512,
                        4096
                    ],
                    [
                        7,
                        7,
                        512,
                        10240
                    ],
                    [
                        7,
                        7,
                        512,
                        512
                    ],
                    [
                        7,
                        7,
                        512,
                        128
                    ]
                ]
            }
        }
    }
}